{"cameraMode":{"drawMode":0,"name":"Shaded","section":"Shading Mode"},"sceneLighting":true,"audioPlay":false,"sceneViewState":{"showFog":true,"showMaterialUpdate":false,"showSkybox":true,"showFlares":true,"showImageEffects":true,"showParticleSystems":true},"in2DMode":false,"pivot":{"x":-56.497772216796878,"y":149.81674194335938,"z":112.8902587890625},"rotation":{"x":-0.16377122700214387,"y":-0.7649685740470886,"z":0.21418464183807374,"w":-0.5849162936210632},"size":1445.08642578125,"orthographic":false}