{"cameraMode":{"drawMode":0,"name":"Shaded","section":"Shading Mode"},"sceneLighting":false,"audioPlay":false,"sceneViewState":{"showFog":true,"showMaterialUpdate":false,"showSkybox":false,"showFlares":true,"showImageEffects":true,"showParticleSystems":true},"in2DMode":false,"pivot":{"x":504.2869873046875,"y":121.94999694824219,"z":-23.68267822265625},"rotation":{"x":-0.16377122700214387,"y":-0.7649685740470886,"z":0.21418464183807374,"w":-0.5849162936210632},"size":8.573651313781739,"orthographic":false}