{"cameraMode":{"drawMode":0,"name":"Shaded","section":"Shading Mode"},"sceneLighting":true,"audioPlay":false,"sceneViewState":{"showFog":true,"showMaterialUpdate":false,"showSkybox":true,"showFlares":true,"showImageEffects":true,"showParticleSystems":true},"in2DMode":false,"pivot":{"x":383.37164306640627,"y":99.02714538574219,"z":173.57958984375},"rotation":{"x":-0.1999412178993225,"y":0.010872962884604931,"z":-0.0022189265582710506,"w":-0.9797483086585999},"size":510.800537109375,"orthographic":false}